{
  "files": 10,
  "ndcg@k_mean": 0.9997108806620051,
  "ndcg@k_ci95_lo": 0.9992270013480165,
  "ndcg@k_ci95_hi": 1.0,
  "faith_mean": 0.4719132989677903,
  "faith_ci95_lo": 0.38200432490423036,
  "faith_ci95_hi": 0.5631323984219154,
  "ndcg@k_median": 1.0,
  "faith_median": 0.40972853808223936,
  "ndcg@k_std": 0.0006239346956469585,
  "faith_std": 0.146863327042404,
  "bootstrap_iters": 2000,
  "iqr_k": 1.5,
  "z_thresh": 3.0,
  "faith_high_thr": 0.8,
  "faith_mid_thr": 0.5
}