{
  "files": 10,
  "ndcg@k_mean": 0.9997108806620051,
  "ndcg@k_ci95_lo": 0.9992270013480165,
  "ndcg@k_ci95_hi": 1.0,
  "faith_mean": 0.503398876564124,
  "faith_ci95_lo": 0.4129014562816092,
  "faith_ci95_hi": 0.6052104994634121,
  "ndcg@k_median": 1.0,
  "faith_median": 0.42641426584401965,
  "ndcg@k_std": 0.0006239346956469585,
  "faith_std": 0.1596047880808292,
  "bootstrap_iters": 2000,
  "iqr_k": 1.5,
  "z_thresh": 3.0,
  "faith_high_thr": 0.7,
  "faith_mid_thr": 0.4
}