{
  "files": 10,
  "ndcg@k_mean": 0.9997108806620051,
  "ndcg@k_ci95_lo": 0.9992270013480165,
  "ndcg@k_ci95_hi": 1.0,
  "faith_mean": 0.47946895447244786,
  "faith_ci95_lo": 0.39622832692700133,
  "faith_ci95_hi": 0.5748336591797141,
  "ndcg@k_median": 1.0,
  "faith_median": 0.4091633357824699,
  "ndcg@k_std": 0.0006239346956469585,
  "faith_std": 0.14779928988603994,
  "bootstrap_iters": 2000,
  "iqr_k": 1.5,
  "z_thresh": 3.0,
  "faith_high_thr": 0.7,
  "faith_mid_thr": 0.4
}