{
  "files": 100,
  "ndcg@k_mean": 0.9951496890027876,
  "ndcg@k_ci95_lo": 0.9920547919128119,
  "ndcg@k_ci95_hi": 0.9980345813001554,
  "faith_mean": 0.5649444162826239,
  "faith_ci95_lo": 0.5508729184046388,
  "faith_ci95_hi": 0.5782928936928511,
  "ndcg@k_median": 1.0,
  "faith_median": 0.5684969425201416,
  "ndcg@k_std": 0.015615876403461171,
  "faith_std": 0.07009380197628318,
  "bootstrap_iters": 2000,
  "iqr_k": 1.5,
  "z_thresh": 3.0
}