{
  "files": 10,
  "ndcg@k_mean": 0.9997108806620051,
  "ndcg@k_ci95_lo": 0.9992270013480165,
  "ndcg@k_ci95_hi": 1.0,
  "faith_mean": 0.45805491484335326,
  "faith_ci95_lo": 0.3573159418580774,
  "faith_ci95_hi": 0.5679273054811631,
  "ndcg@k_median": 1.0,
  "faith_median": 0.3856571544811094,
  "ndcg@k_std": 0.0006239346956469585,
  "faith_std": 0.17194107040433984,
  "bootstrap_iters": 2000,
  "iqr_k": 1.5,
  "z_thresh": 3.0,
  "faith_high_thr": 0.7,
  "faith_mid_thr": 0.4
}