{
  "model_name": "llama3_8b",
  "files": 20,
  "evaluated_files": 10,
  "mean_ndcg@k": 0.9997124394233781,
  "mean_faithfulness": 0.5023194783754364
}