{
  "query_id": "Describe_expert_systems_and_their_key_components_",
  "ndcg@k": 0.9866232943931769,
  "faithfulness": 0.587539792060852
}