{
  "files": 570,
  "mean_ndcg@k": 0.993843278111842,
  "mean_faithfulness": 0.5786446918521011
}