{
  "query_id": "Explain_the_Turing_Test_as_described_in_the_corpus_",
  "ndcg@k": 0.9948189840222265,
  "faithfulness": 0.4898456633090973
}